datetime,author,body
1224724275900375042,2020-02-04 15:59:56,"My Approval Rating in the Republican Party = 95%, a record! Big Iowa win. Approval Rating overall = 53%, a new high‚Ä¶ https://t.co/YEXBEfdjIL"
1224722351125823491,2020-02-04 15:52:17,"Market up big today on very good economic news. JOBS, JOBS, JOBS!"
1224705518205317126,2020-02-04 14:45:24,RT @CLewandowski_: It‚Äôs an honor to caucus for ‚Å¶@realDonaldTrump‚Å© at a packed house at the Panorama Elementary School in Iowa!  On to Victo‚Ä¶
1224705322037776386,2020-02-04 14:44:37,"RT @TeamTrump: The Republican Party Has Never Been More United!

#IowaCaucuses https://t.co/scbXdkvOag"
1224705310197211137,2020-02-04 14:44:34,"RT @GOPChairwoman: Congratulations to the winner of the #IACaucus: @realDonaldTrump. 

He won Iowa big in 2016, and he's going to carry it‚Ä¶"
1224705202307129346,2020-02-04 14:44:08,"RT @LaraLeaTrump: No matter who wins tonight on the democrat side, we know that America feels the incredible results of the President‚Äôs pol‚Ä¶"
1224705069809008644,2020-02-04 14:43:37,RT @EricTrump: What an unbelievable night in #Iowa! The turnout and support for @realDonaldTrump was off the charts! #MAGA #NorwalkIA üá∫üá∏üá∫üá∏‚Ä¶
1224704998044508164,2020-02-04 14:43:20,"RT @TeamTrump: Meanwhile...

President @realDonaldTrump CRUSHED all incumbent turnout records in Iowa! 

#IACaucus"
1224704962627866626,2020-02-04 14:43:11,RT @GOPChairwoman: Congratulations to @realDonaldTrump for officially breaking the turnout record for an incumbent president in the #IACauc‚Ä¶
1224704916679274496,2020-02-04 14:43:00,RT @piersmorgan: ü§£
1224704797221236737,2020-02-04 14:42:32,"RT @GOPChairwoman: While the #IACaucus outcome is still uncertain for Democrats, the Republican Party is more unified than ever behind @rea‚Ä¶"
1224704679852023809,2020-02-04 14:42:04,RT @piersmorgan: He's got a point...how many more self-inflicted 2020 election gifts are  Democrats going to hand their opponent?  #Iowa #I‚Ä¶
1224703970922434560,2020-02-04 14:39:15,"RT @EricTrump: My father always says he has 95% Republican support... Last night he was proven wrong ‚Äî in fact, @realDonaldTrump has 97.1%‚Ä¶"
1224702718754856960,2020-02-04 14:34:16,"The Democrat Party in Iowa really messed up, but the Republican Party did not. I had the largest re-election vote i‚Ä¶ https://t.co/4KWXwXhQ3v"
1224699832901799939,2020-02-04 14:22:48,"When will the Democrats start blaming RUSSIA, RUSSIA, RUSSIA, instead of their own incompetence for the voting disa‚Ä¶ https://t.co/6Lxb1hnROi"
1224685852133031936,2020-02-04 13:27:15,"It is not the fault of Iowa, it is the Do Nothing Democrats fault. As long as I am President, Iowa will stay where‚Ä¶ https://t.co/3HkBz2pxDt"
1224684209089982464,2020-02-04 13:20:43,RT @awzurcher: Here‚Äôs your Iowa democracy in action - a coin toss to determine who gets the last delegate out of this #IowaCaucus precinct‚Ä¶
1224683911634178049,2020-02-04 13:19:32,"RT @guypbenson: ‚ÄúNo, but seriously, let us run your healthcare,‚Äù they said."
1224683750962925569,2020-02-04 13:18:54,"RT @NateSilver538: At this point, it's been 3.6 hours since the start of the caucuses and 1.9% of precincts have reported results, which ex‚Ä¶"
1224683567369916416,2020-02-04 13:18:10,"RT @BretBaier: The Iowa Democratic Party said it has found ""inconsistencies"" in the reporting of the caucus results, but says there was no‚Ä¶"
1224683472016543744,2020-02-04 13:17:47,RT @DailyMail: Supporters wait to find out what is happening as the Democratic results are plunged into chaos #IowaCaucuses https://t.co/oC‚Ä¶
1224682674775908352,2020-02-04 13:14:37,"RT @agearan: Trump 2020 campaign manager Brad Parscale:  
‚ÄúDemocrats are stewing in a caucus mess of their own creation with the sloppiest‚Ä¶"
1224681536567627776,2020-02-04 13:10:06,RT @HawleyMO: Can‚Äôt wait to see the Chiefs at the White House! #ChiefsKingdom
1224681180123082752,2020-02-04 13:08:41,RT @HawleyMO: https://t.co/B71SbCzgW5
1224681131951493121,2020-02-04 13:08:29,RT @HawleyMO: Today I will introduce in the Senate a resolution honoring the Chiefs as SUPER BOWL CHAMPIONS #ChiefsKingdom
1224679531606355968,2020-02-04 13:02:08,RT @DanScavino: https://t.co/Wfqk54w0wV
1224657196392370177,2020-02-04 11:33:23,"The Democrat Caucus is an unmitigated disaster. Nothing works, just like they ran the Country. Remember the  5 Bill‚Ä¶ https://t.co/gfWXBssT0H"
1224550106462138368,2020-02-04 04:27:51,Big WIN for us in Iowa tonight. Thank you!
1224548975157686272,2020-02-04 04:23:21,"RT @SaraCarterDC: #EXCLUSIVE

GOP Investigation:Thousands Of Obama Admin Docs Under Review Regarding Ukraine White House Meetings 

Read my‚Ä¶"
1224548665743892480,2020-02-04 04:22:07,RT @JohnBoozman: My full statement on my vote to move the impeachment trial to the next stage: https://t.co/7aJcyduDlf
1224547020410630144,2020-02-04 04:15:35,"RT @SenMcSallyAZ: .@POTUS continues the effort to end human trafficking. In 2018, I helped pass the SOAR Act in the House to train our heal‚Ä¶"
1224546193759449088,2020-02-04 04:12:18,"RT @SenMcSallyAZ: Marana‚Äôs busy airport can continue to grow safely thanks to funding for an air traffic control tower.
https://t.co/VTcBOQ‚Ä¶"
1224546130379386881,2020-02-04 04:12:03,"RT @SenMcSallyAZ: .@Raytheon is headquartering its combined missiles defense unit right here in Southern Arizona.
https://t.co/KhQRzdvSXt"
1224545928746557441,2020-02-04 04:11:15,RT @MarshaBlackburn: Our Founders would be ‚Äúaghast‚Äù if they knew Adam Schiff released private phone records of a journalist and the top Rep‚Ä¶
1224545846819217409,2020-02-04 04:10:55,"RT @MarshaBlackburn: Fighting corruption is not an impeachable offense.
 
A policy disagreement is not an impeachable offense.
 
Asserting‚Ä¶"
1224545629336150017,2020-02-04 04:10:03,"RT @MarshaBlackburn: This weekend, Senators Bennet, Klobuchar, Sanders and Warren were campaigning to replace @realDonaldTrump. Today, they‚Ä¶"
1224545516006100993,2020-02-04 04:09:36,"RT @MarshaBlackburn: Democrats took our country on a wild goose chase, starting with the Mueller Report, and persisting with a partisan imp‚Ä¶"
1224545320211767296,2020-02-04 04:08:49,"RT @MarshaBlackburn: The House Impeachment Managers have refused to answer basic questions about coordination with the ‚Äúwhistleblower.‚Äù
¬†
1‚Ä¶"
1224545251291025408,2020-02-04 04:08:33,RT @MarshaBlackburn: Impeachment* https://t.co/B9CrPQDNkO
1224536010266173440,2020-02-04 03:31:50,RT @GOP: ‚ÄúA lot of candidates running for office and a lot of politicians talk about doing something about criminal justice reform but real‚Ä¶
1224535896579543050,2020-02-04 03:31:23,"RT @GOP: ‚ÄúBy approving both articles, the House of Representatives violated our Constitutional order, illegally abused their power of impea‚Ä¶"
1224535833237172225,2020-02-04 03:31:08,"RT @RNCLatinos: .@mercedesschlapp:

""Democrats have a socialist agenda while President @realDonaldTrump is focused on results.""

Mercedes S‚Ä¶"
1224535672842805250,2020-02-04 03:30:29,"RT @GOP: The RNC and @TeamTrump make an HISTORIC fundraising team - just ask Campaign Manager, @parscale ‚¨áÔ∏è
 
‚ÄúThe fundraising is out of th‚Ä¶"
1224535475043622914,2020-02-04 03:29:42,"RT @GOP: RT if you‚Äôre STILL not tired of winning!
https://t.co/8LFQFEqXIv"
1224535285503053825,2020-02-04 03:28:57,RT @GOP: ‚ÄúThe President has strong economic numbers‚Ä¶ and people are feeling better than they did four years ago.‚Äù -@GOPChairwoman https://t‚Ä¶
1224534673302396935,2020-02-04 03:26:31,"RT @SenRonJohnson: To use the House managers‚Äô own argument on witnesses:
 
‚ÄúThe American people deserve a fair impeachment.‚Äù
‚ÄúThe Constitut‚Ä¶"
1224534660270694401,2020-02-04 03:26:28,"RT @SenRonJohnson: Unfortunately, the House did not deliver a fair impeachment to the Senate. Instead, contrary to the warnings of @Speaker‚Ä¶"
1224534648153366529,2020-02-04 03:26:25,RT @SenRonJohnson: House Democrats now demand the Senate do their investigatory work for them. Caving to their demands would have set a dan‚Ä¶
1224534192450678784,2020-02-04 03:24:36,"RT @SenJohnBarrasso: Voting is starting in Iowa today. The decision on who the president should be is made by voters, not by the United Sta‚Ä¶"
1224534111005618176,2020-02-04 03:24:17,"RT @SenTedCruz: Democrats wanted Senate impeachment witnesses because they failed to prove their case.
https://t.co/aanvUqjfwH"
1224534061873537024,2020-02-04 03:24:05,RT @SenCapito: Just wanted to give an update on where we are with the #impeachment trial this week: https://t.co/NQrTtE50bj
1224533790808322049,2020-02-04 03:23:01,"RT @SenateGOP: 13 witnesses.

28,578 documents.

193 video clips.

The Senate carried out our constitutional duty FAIRLY, and @realdonaldtr‚Ä¶"
1224533067156590592,2020-02-04 03:20:08,Many people do not know what a great guy &amp; fantastic political talent the great Rush Limbaugh is. There is nobody l‚Ä¶ https://t.co/VvdCXTbI3R
1224427074342928384,2020-02-03 20:18:57,https://t.co/KSVkKL76NM
1224377770983284737,2020-02-03 17:03:03,Where‚Äôs the Whistleblower? Where‚Äôs the second Whistleblower? Where‚Äôs the Informer? Why did Corrupt politician Schif‚Ä¶ https://t.co/rPE6VcffXj
1224375193595981824,2020-02-03 16:52:48,KEEP AMERICA GREAT!
1224375060250746880,2020-02-03 16:52:16,MAKE AMERICA GREAT AGAIN!
1224374908710420480,2020-02-03 16:51:40,"Republicans in Iowa, go out and Caucus today. Your great Trade Deals with China, Mexico, Canada, Japan, South Korea‚Ä¶ https://t.co/rZTznIgOXe"
1224372633233428489,2020-02-03 16:42:38,"I hope Republicans &amp; the American people realize that the totally partisan Impeachment Hoax is exacty that, a Hoax.‚Ä¶ https://t.co/FzKPQnD0Bi"
1224320639458299904,2020-02-03 13:16:01,"RT @michaelbeatty3: ""MY VIEWERS WANT ACCOUNTABILITY!!!!""
""WE'LL BE WATCHING SENATOR""
Maria says EXACTLY what Americans are thinking.
THANK‚Ä¶"
1224320532851691521,2020-02-03 13:15:36,@LindseyGrahamSC https://t.co/lWUKpH1ydc
1224317265702801408,2020-02-03 13:02:37,"The DNC on Bernie Sanders, ‚ÄúLooks like they‚Äôre going to do it to him again, doesn‚Äôt it?‚Äù @SteveDoocy @foxandfriends"
1224212684499030018,2020-02-03 06:07:03,"RT @realDonaldTrump: I promised to restore hope in America. That includes the least among us. Together, let‚Äôs KEEP AMERICA GREAT! 

Text TR‚Ä¶"
1224202195798757376,2020-02-03 05:25:22,Hope you liked this! https://t.co/y1j2Wf6J4p
1224198282550882306,2020-02-03 05:09:49,RT @GOPChairwoman: The RNC is building the biggest data infrastructure and ground game in the history of politics to re-elect @realDonaldTr‚Ä¶
1224198160580476929,2020-02-03 05:09:20,RT @TeamTrump: President @realDonaldTrump: We have a 'Positive Revolution' going on in America! https://t.co/rqLyiu6CpW
1224198059611115521,2020-02-03 05:08:56,Great company! https://t.co/Q1NFAHrC3p
1224197475898097664,2020-02-03 05:06:37,"RT @DonaldJTrumpJr: My father @realDonaldTrump promised to restore hope in America. 

That includes EVERYONE!!!

Together, let‚Äôs KEEP AMERI‚Ä¶"
1224197071244288000,2020-02-03 05:05:00,Thank you Mike! https://t.co/iNwuaJ3KVP
1224196678338609153,2020-02-03 05:03:27,"RT @TeamTrump: Our SECOND #SuperBowl ad just aired!

America is Stronger, Safer, and More Prosperous thanks to President @realDonaldTrump‚Ä¶"
1224195596434710529,2020-02-03 04:59:09,RT @realDonaldTrump: Congratulations to the Kansas City Chiefs on a great game and a fantastic comeback under immense pressure. We are prou‚Ä¶
1224195317479936000,2020-02-03 04:58:02,RT @parscale: The triggered left is doing everything possible to make negative talking points about the @realDonaldTrump #SuperBowl ad abou‚Ä¶
1224178079808905216,2020-02-03 03:49:33,RT @DavidAFrench: This was a good ad highlighting a very good thing Trump did. @AliceMarieFree is a good friend and a wonderful person.
1224177867166142466,2020-02-03 03:48:42,"RT @AliceMarieFree: Two Super Bowls ago I was sitting in a prison cell.

Today I am a free woman and my story was featured in a Super Bowl‚Ä¶"
1224176171547365376,2020-02-03 03:41:58,So Great! https://t.co/5d9CZ0zIIQ
1224172413388128256,2020-02-03 03:27:02,Congratulations to the Kansas City Chiefs on a great game and a fantastic comeback under immense pressure. We are p‚Ä¶ https://t.co/ECvMGuqxlJ
1224140223573037056,2020-02-03 01:19:07,"RT @Lrihendry: @realDonaldTrump BEST SUPER BOWL AD EVER! 

President Trump making lives better for minorities! 

Unlike Obama, who did noth‚Ä¶"
1224139971365363712,2020-02-03 01:18:07,RT @IsraelUSAforevr: @realDonaldTrump The best president ever https://t.co/QeXxsp7eDi
1224139147935391744,2020-02-03 01:14:50,"RT @SexCounseling: @realDonaldTrump You have already done that in so many ways with prison reform, choice for veterans and a booming econom‚Ä¶"
1224138761149218817,2020-02-03 01:13:18,RT @CarlHigbie: @realDonaldTrump And all they got is a fraud impeachment. 2020 is gonna rock!!
1224138536259112961,2020-02-03 01:12:25,RT @Sensedog: @realDonaldTrump Thank you Mr. President.
1224135896913588231,2020-02-03 01:01:55,"RT @SoCal4Trump: @realDonaldTrump Just saw the ad during the Super Bowl. Awesome ad, Mr. President. Politicians in the past have TALKED abo‚Ä¶"
1224135813644066816,2020-02-03 01:01:35,"RT @RSBNetwork: @realDonaldTrump Promises MADE, Promises KEPT üá∫üá∏"
1224135802428575744,2020-02-03 01:01:33,RT @leodunson: @realDonaldTrump The Republican Party my whole life has ignored Black America. This President continues to prove over and ov‚Ä¶
1224119370839994369,2020-02-02 23:56:15,"I promised to restore hope in America. That includes the least among us. Together, let‚Äôs KEEP AMERICA GREAT! 

Text‚Ä¶ https://t.co/qgskhRQKI7"
1224108553977368577,2020-02-02 23:13:16,"ENJOY THE GAME USA, OUR COUNTRY IS DOING GREAT!"
1224064206535843843,2020-02-02 20:17:03,My @SuperBowl Interview at 3:30 P.M. on @foxnetworks. Enjoy!
1223839756234215424,2020-02-02 05:25:10,"Mini Mike is now negotiating both to get on the Democrat Primary debate stage, and to have the right to stand on bo‚Ä¶ https://t.co/BSQLhAbXLS"
1223837731056427009,2020-02-02 05:17:07,"Many of the ads you are watching were paid for by Mini Mike Bloomberg. He is going nowhere, just wasting his money,‚Ä¶ https://t.co/s7j22UtMpb"
1223836174294441984,2020-02-02 05:10:56,"Mini Mike is part of the Fake News. They are all working together. In fact, Bloomberg isn‚Äôt covering himself (too b‚Ä¶ https://t.co/1bnPMHHyA0"
1223834666031046656,2020-02-02 05:04:56,"The Radical Left, Do Nothing Democrats, don‚Äôt want justice when pushing the Impeachment Hoax, they only want to des‚Ä¶ https://t.co/CgC43zFrnz"
1223832954193006592,2020-02-02 04:58:08,RT @DanScavino: #KeepAmericaGreat2020üá∫üá∏ https://t.co/GpTygflvgJ
1223832546406010880,2020-02-02 04:56:31,RT @tedcruz: Thx!
1223832342172774400,2020-02-02 04:55:42,RT @LindseyGrahamSC: I‚Äôm very pleased the Senate has rejected Democrats‚Äô request to call additional witnesses after the House chose not to.‚Ä¶
1223832326536409091,2020-02-02 04:55:39,RT @LindseyGrahamSC: The fact is the House chose not to call witnesses like John Bolton because they wanted to impeach President Trump befo‚Ä¶
1223832301727109122,2020-02-02 04:55:33,"RT @LindseyGrahamSC: This has been a partisan impeachment from Day 1 ‚Äì terrible on process and dangerous on substance.  

It rings hollow f‚Ä¶"
1223831974965645312,2020-02-02 04:54:15,"RT @GOP: Before Democrats like Adam Schiff were trying to use John Bolton to advance their political agenda, they were railing against him‚Ä¶"
1223831916845113344,2020-02-02 04:54:01,"RT @GOP: ‚Äú[House Democrats] created the record. Do not allow them to penalize the country, and the Constitution, because they failed to do‚Ä¶"
1223831847026798592,2020-02-02 04:53:44,"RT @GOP: Today, President @realDonaldTrump reiterated his administration‚Äôs commitment to eradicate the scourge of human trafficking at toda‚Ä¶"
1223831804123275270,2020-02-02 04:53:34,RT @GOP: ‚ÄúWe are dismantling the criminal organizations that make large-scale human trafficking possible.‚Äù -@realDonaldTrump https://t.co/X‚Ä¶
1223831702113542144,2020-02-02 04:53:10,"RT @GOP: ‚ÄúThe economy is working for workers, and they know it.‚Äù
https://t.co/AIs469gAQE"
1223831643430977538,2020-02-02 04:52:56,"RT @GOP: President @realDonaldTrump has made Historically Black Colleges and Universities a priority.

He's appropriated more money to HBCU‚Ä¶"
1223831600410124288,2020-02-02 04:52:45,RT @GOP: ‚ÄúThis entire impeachment sham has been a predetermined narrative full of lies and false accusations designed to divide America and‚Ä¶
1223831499092512768,2020-02-02 04:52:21,"RT @GOP: African Americans have a champion in Pres. Trump!
 
He's created 1.6 MILLION jobs for black Americans since his election.
 
Africa‚Ä¶"
1223831394557878272,2020-02-02 04:51:56,"RT @GOP: üëçüëçüëç
https://t.co/mXV8JKuqyF"
1223831240232656897,2020-02-02 04:51:20,"RT @GOP: ‚ÄúWe‚Äôve known this has been a waste of time and a sham from the beginning, and America is ready to move on. I think they've shown t‚Ä¶"
1223830637712486400,2020-02-02 04:48:56,Correct! https://t.co/V5Xye7zAcN
1223829588389834752,2020-02-02 04:44:46,"RT @senatemajldr: A majority of the U.S. Senate has determined that the numerous witnesses and 28,000-plus pages of documents already in ev‚Ä¶"
1223829332407222274,2020-02-02 04:43:45,"RT @EliseStefanik: Adam Schiff‚Äôs impeachment sham is OVER. 

It was partisan, unconstitutional, unfair, and flawed from the very start. 

F‚Ä¶"
1223829274853023744,2020-02-02 04:43:31,"RT @SecAzar: At this time, the risk to Americans remains low, and we are working to keep it that way. We will continue our work to monitor,‚Ä¶"
1223828931914207233,2020-02-02 04:42:09,Thanks for your invaluable help Chuck! https://t.co/x0T0GWvntd
1223828022157094914,2020-02-02 04:38:32,RT @SenPatRoberts: I'm proud to have stood with @realDonaldTrump as he signed the USMCA implementing legislation at the @WhiteHouse today.‚Ä¶
1223827970609033216,2020-02-02 04:38:20,"RT @SenPatRoberts: After hearing the entire case presented, I believe we‚Äôve heard all we need in this impeachment trial. The job of the Sen‚Ä¶"
1223827701271801862,2020-02-02 04:37:16,"RT @JerryMoran: When I took the oath at the beginning of the trial, I vowed to deliver impartial justice according to the Constitution &amp; th‚Ä¶"
1223827670586286081,2020-02-02 04:37:08,RT @JerryMoran: It became clear over the course of the House managers‚Äô arguments that the House failed to undertake its responsibility to c‚Ä¶
1223827649505767425,2020-02-02 04:37:03,"RT @JerryMoran: Nevertheless, having heard from both sides, the arguments demonstrate that additional evidence or witnesses would not chang‚Ä¶"
1223827465740660736,2020-02-02 04:36:20,"RT @SenateGOP: Trade with Mexico and Canada supports 12 million American jobs. 

USMCA secures those jobs and grows our economy by $70 bill‚Ä¶"
1223827325285994496,2020-02-02 04:35:46,"RT @MikeCrapo: Over the course of 9 days, we have reviewed testimony from 13 witnesses sworn under oath in the House hearings; over 28,000‚Ä¶"
1223827317379817472,2020-02-02 04:35:44,RT @MikeCrapo: Read mine and @SenatorRisch full statement: https://t.co/rDqNmVxxl5
1223826849043767296,2020-02-02 04:33:53,"RT @SenJohnKennedy: Promise kept!
 
Today, @realDonaldTrump officially signed the historic #USMCA deal into law.
 
This trade deal is a mas‚Ä¶"
1223826802814128128,2020-02-02 04:33:42,"RT @SenJohnKennedy: Reports of Bolton‚Äôs book don't answer the question: Why did POTUS ask for an investigation?

The Ukrainian government h‚Ä¶"
1223826173433610241,2020-02-02 04:31:11,"RT @JimInhofe: After over 50 hours of testimony, questions and debate, I voted today to move to the next phase of the impeachment process.‚Ä¶"
1223825727637856256,2020-02-02 04:29:25,RT @JimInhofe: Despite Democrat efforts to distract citizens and stain his presidency with a partisan and unprecedented impeachment process‚Ä¶
1223825601796214784,2020-02-02 04:28:55,"Wall is moving along strong, tall and quickly. Thank you Jim for all of your help! https://t.co/1dlC0dZ0ui"
1223824629472604162,2020-02-02 04:25:03,Thank you John! https://t.co/5IVTZ2QY3r
1223824431228837888,2020-02-02 04:24:16,Happy birthday to a wonderful man &amp; friend! https://t.co/AaqQ6Pvtyw
1223823393184796672,2020-02-02 04:20:09,"RT @NewsBowne: Schumer Shot Down By Justice Roberts.
https://t.co/fY9tPt9Jrf https://t.co/Y0iMfnkD4f"
1223823351346597888,2020-02-02 04:19:59,"RT @JohnCornyn: Senators Schumer, Warren, Van Hollen, and Congressman Schiff each tried to suck the Chief Justice into the vortex of their‚Ä¶"
1223823216499732482,2020-02-02 04:19:27,"RT @FLOTUS: For the first time in 29 years, drug overdose deaths have dropped by 4.1% and life expectancy has increased by 4 years! Proud o‚Ä¶"
1223823129694416896,2020-02-02 04:19:06,RT @SenBillCassidy: Nancy Pelosi is accusing the Senate of not being fair because we refused to do her work for her. The truth is the House‚Ä¶
1223822866585735168,2020-02-02 04:18:03,"RT @SenTedCruz: Yesterday a majority in the Senate said: ‚Äúwe‚Äôre done, we‚Äôve got enough, this is over.‚Äù
 
The President is going to be acqui‚Ä¶"
1223802941427109888,2020-02-02 02:58:53,RT @ROHLL5: @PlaysTrumpCard @Lrihendry @realDonaldTrump @AnthemRespect @bfraser747 @atensnut @CarmineSabia @oUSA_JEDIo @carrieksada @Text88‚Ä¶
1223802688242114560,2020-02-02 02:57:52,RT @Lrihendry: I want to remind all the lie filled leftist hypocrites of what happened in 1998 when they were all fine with Democrats block‚Ä¶
1223725034688131074,2020-02-01 21:49:18,"RT @Lrihendry: WOW! Mr President, this woman, Lynn, has never voted in her entire life until she was 59 years old. At the time she voted fo‚Ä¶"
1223724802306977799,2020-02-01 21:48:23,RT @IamAllOutOfGum: @Lrihendry @PlaysTrumpCard @realDonaldTrump @AnthemRespect @bfraser747 @ROHLL5 @atensnut @CarmineSabia @oUSA_JEDIo @car‚Ä¶
1223724526443421698,2020-02-01 21:47:17,"RT @PlaysTrumpCard: @realDonaldTrump We support you because we know your heart is in the right place, and greatly appreciate what an incred‚Ä¶"
1223724144417812480,2020-02-01 21:45:46,"RT @Lrihendry: Fascinating paradox: the more President Trump gets investigated, the more crimes are exposed involving prominent Democrats."
1223640662689689602,2020-02-01 16:14:02,Getting a little exercise this morning! https://t.co/fyAAcbhbgk
1223608267806367744,2020-02-01 14:05:19,"RT @SeanDNaylor: U.S. killed a top al-Qaeda leader in Yemen, reports say https://t.co/MVV9dTl721 via @Yahoo"
1223608228229058567,2020-02-01 14:05:09,"RT @Rita_Katz: 6)Of all living #AlQaeda leaders, al-Rimi was the most compelling, known for his charisma &amp; beloved across the AQ community.‚Ä¶"
1223608152731672577,2020-02-01 14:04:51,"RT @Rita_Katz: 5)As I said yesterday, all but confirmed that #AQAP leader Qassim al-Rimi was killed in a U.S. drone strike. AQAP, although‚Ä¶"
1223607958942179328,2020-02-01 14:04:05,"RT @Rita_Katz: 4)If true, and it seems to be, the dead of al-Rimi would mark a major blow to #AlQaeda on the whole. Al-Rimi was a candidate‚Ä¶"
1223607929074585601,2020-02-01 14:03:58,"RT @Rita_Katz: 3)Breaking: It appears that Qasim al-Rimi, leader of the Yemen-based #AQAP, was the individual targeted &amp; killed in a U.S. d‚Ä¶"
1223602537200345088,2020-02-01 13:42:32,"Trump poll numbers are the highest since election, despite constant phony Witch Hunts! Tens of thousands of people‚Ä¶ https://t.co/25ev8DpG1L"
1223595478773837825,2020-02-01 13:14:30,"Congratulations to @loudobbs, Number One. Lou has shown the Fake News what happens when you cover ‚ÄúAmerica‚Äôs Greate‚Ä¶ https://t.co/rOwyKf4Cox"
1223399034552930305,2020-02-01 00:13:54,"No matter what you give to the Democrats, in the end, they will NEVER be satisfied. In the House, they gave us NOTHING!"
1223381882902986752,2020-01-31 23:05:44,Democrats = 17 Witnesses. Republicans = 0 Witnesses.
1223351951963967488,2020-01-31 21:06:48,"The Radical Left, Do Nothing Democrats keep chanting ‚Äúfairness‚Äù, when they put on the most unfair Witch Hunt in the‚Ä¶ https://t.co/AeTbvREzHK"
1223253645787045889,2020-01-31 14:36:10,"RT @WhiteHouse: ""I am concerned about lowering impeachment standards to fit a paucity of evidence and an abundance of anger."" ‚Äî Jonathan Tu‚Ä¶"
1223253564690255872,2020-01-31 14:35:51,"RT @WhiteHouse: President @realDonaldTrump is celebrating USMCA in Michigan this afternoon!

Watch LIVE at 4:20 p.m. ET: https://t.co/Emsdc‚Ä¶"
1223253407848443905,2020-01-31 14:35:14,"RT @realDonaldTrump: Working closely with China and others on Coronavirus outbreak. Only 5 people in U.S., all in good recovery."
1223253369193672704,2020-01-31 14:35:04,"RT @WhiteHouse: 17 witnesses‚Äîpicked by Democrats‚Äîhave already testified.

But if Democrats want more, here are some suggestions ‚¨áÔ∏è https://‚Ä¶"
1223253341439959041,2020-01-31 14:34:58,"RT @WhiteHouse: ""We just ended a nightmare known as NAFTA."" https://t.co/1eju47ElBI"
1223253313770151936,2020-01-31 14:34:51,"RT @WhiteHouse: Our nation boasts a proud legacy in the auto industry. 

USMCA is a BIG WIN for American automakers! https://t.co/QKe8MXQwdS"
1223253279502749698,2020-01-31 14:34:43,"RT @WhiteHouse: President @realDonaldTrump's policies are making it possible for hardworking Americans to find jobs, develop meaningful car‚Ä¶"
1223253204193943552,2020-01-31 14:34:25,"RT @WhiteHouse: The first partisan impeachment in U.S. history hasn‚Äôt been short on distractions, misleading statements, and even outright‚Ä¶"
1223253000182956033,2020-01-31 14:33:36,"RT @WhiteHouse: Pro-worker.
Pro-growth.
Pro-jobs.
Pro-America. üá∫üá∏ https://t.co/GyopaUaFXH"
1223252952787361792,2020-01-31 14:33:25,Incredible numbers! https://t.co/wWpSA87qfw
1223252685358600192,2020-01-31 14:32:21,"RT @WhiteHouse: There are many questions and concerns about the alleged whistleblower and potential conflicts of interest.

Democrats aren'‚Ä¶"
1223252318717607937,2020-01-31 14:30:54,"RT @jabeale: Just my opinion, but it seems that this entire debacle - the lack of a legal/constitutional framework to subpoena witnesses du‚Ä¶"
1223250897414905856,2020-01-31 14:25:15,"Nadler ripped final argument away from Schiff, thinks Shifty did a terrible job. They are fighting big time! https://t.co/L2qTV9pWiL"
1223099086389121026,2020-01-31 04:22:00,THE BEST IS YET TO COME! https://t.co/SOn6wRV9Zs
1223082623351713792,2020-01-31 03:16:35,"Americans across the political spectrum are disgusted by the Washington Democrats‚Äô Partisan Hoaxes, Witch Hunts, &amp;‚Ä¶ https://t.co/EzixTZFe6g"
1223080264747737088,2020-01-31 03:07:13,Washington Dems have spent the last 3 years trying to overturn the last election ‚Äì and we will make sure they face‚Ä¶ https://t.co/zu2XoLyzKU
1223079479393697792,2020-01-31 03:04:06,"To keep America Safe, we have fully rebuilt the U.S. Military ‚Äì it is now stronger, more powerful, and more lethal‚Ä¶ https://t.co/nPlw39ZB4T"
1223077157779464195,2020-01-31 02:54:52,"This November, we are going to defeat the Radical Socialist Democrats and win the Great State of Iowa in a Historic‚Ä¶ https://t.co/EJSNBk41i1"
1223075454027993088,2020-01-31 02:48:06,"Thank you Iowa, I love you! 
https://t.co/zooBXErdcV"
1223038027234267137,2020-01-31 00:19:23,"Great poll in Iowa, where I just landed for a Big Rally! #KAG2020üá∫üá∏ https://t.co/4YCo01XYCn"
1223011229033041920,2020-01-30 22:32:54,"RT @JaapTitulaer: @paulsperry_ Can't violate the Logan Act when you're working for the president or acting at his request. 

Logan Act was‚Ä¶"
1223010477732589569,2020-01-30 22:29:54,"RT @alx: CNN's John King: ""Republicans make a good point. The Whistleblower started all this. Why has the Whistleblower never been question‚Ä¶"
1223010302674866178,2020-01-30 22:29:13,"RT @paulsperry_: BREAKING: The 1 witness transcript Schiff won't release (out of 18) talks about Schiff and the ""whistleblower""--and how th‚Ä¶"
1223010224388206592,2020-01-30 22:28:54,"RT @EliseStefanik: There is one transcript that Adam Schiff refuses to release.

The Intelligence Community Inspector General transcript.‚Ä¶"
1223010091349069824,2020-01-30 22:28:22,RT @RandPaul: My question today is about whether or not individuals who were holdovers from the Obama National Security Council and Democra‚Ä¶
1223009868677648384,2020-01-30 22:27:29,RT @MZHemingway: WATCH THIS
1223009402287841280,2020-01-30 22:25:38,RT @paulsperry_: BREAKING: Over dozen Senators just asked Schiff about RCI story (below) &amp; he did not deny it but complained about ‚Äúattacks‚Ä¶
1223006913891315713,2020-01-30 22:15:45,"RT @marc_lotter: While Democrats focus on WITCH HUNT, @realDonaldTrump is highlighting how he is working to help American autoworkers and A‚Ä¶"
1223006823348830208,2020-01-30 22:15:23,"RT @EpochTimesCan: Trump administration forms #coronavirus task force
https://t.co/mnpl6MiXQb"
1223006296594665474,2020-01-30 22:13:18,"RT @DeAnna4Congress: @realDonaldTrump @foxandfriends Schiff hasn‚Äôt done a thing for his district nor has Nancy Pelosi in SF!

Nancy has bee‚Ä¶"
1223006125458698241,2020-01-30 22:12:37,RT @SexCounseling: @realDonaldTrump @foxandfriends Schiff is a congenital liar that has done nothing positive for the American people.
1223006075840057344,2020-01-30 22:12:25,RT @bfraser747: @realDonaldTrump @foxandfriends If you're a Democrat you really have no choice but to #VoteTrump2020 . He's the only guy in‚Ä¶
1223005974727925760,2020-01-30 22:12:01,RT @bfraser747: @realDonaldTrump @foxandfriends Schiff and many more of these elected people should all be ashamed of themselves. What have‚Ä¶
1223005907732324352,2020-01-30 22:11:45,RT @MatthewJshow: @realDonaldTrump @foxandfriends When will Schiff be investigated?
1223005779931947011,2020-01-30 22:11:14,"RT @SteveScalise: While Dems obsess over impeachment, @realDonaldTrump is working for YOU!

‚Äì #USMCA signed
‚Äì Middle East peace plan announ‚Ä¶"
1223005656464207873,2020-01-30 22:10:45,RT @RepAndyBiggsAZ: Democrats didn't accept the results of the 2016 election; that's why they've been pushing to impeach and remove Preside‚Ä¶
1223005589598625793,2020-01-30 22:10:29,"RT @RepMikeJohnson: Our defense team has done its job. We've shown Adam Schiff &amp; Co. have no case, no evidence, and no justification for im‚Ä¶"
1223005559810641920,2020-01-30 22:10:22,"RT @RepMarkMeadows: 128 days. 17 Democrat witnesses. And they still have no case.

It‚Äôs over. This trial should end tomorrow with President‚Ä¶"
1223005478675976192,2020-01-30 22:10:03,"RT @RepMarkMeadows: How about this:

If the Senate discusses calling witnesses, and Adam Schiff continues demanding we block questions and‚Ä¶"
1223005239437144064,2020-01-30 22:09:06,"RT @EliseStefanik: Once again Adam Schiff makes up dialogue of the President of the United States on the floor of the Senate.

Just like Sc‚Ä¶"
1223004106408833025,2020-01-30 22:04:35,"Working closely with China and others on Coronavirus outbreak. Only 5 people in U.S., all in good recovery."
1223002606664065030,2020-01-30 21:58:38,"Leaving Michigan now, great visit, heading for Iowa. Big Rally!"
1223002086364844045,2020-01-30 21:56:34,RT @WhiteHouse: LIVE: President @realDonaldTrump delivers remarks at a USMCA celebration! https://t.co/Db0GPJcPvB
1222982067799121926,2020-01-30 20:37:01,"BIGGEST TRADE DEAL EVER MADE, the USMCA, was signed yesterday and the Fake News Media barely mentioned it. They nev‚Ä¶ https://t.co/y03mIE6R70"
1222981385520140288,2020-01-30 20:34:18,"Just landed in Michigan. Car companies, and many others, are building and expanding here. Great to see!"
1222976037165961216,2020-01-30 20:13:03,Happy birthday today to two of the very best in Congress‚Äî@RepMikeJohnson (age 48) and @RepLeeZeldin (age 40‚Äîbig one‚Ä¶ https://t.co/bzwubAvjln
1222975645447348225,2020-01-30 20:11:30,Congressman @MichaelCBurgess has done a Great job representing the people of Texas. He continues to protect your ve‚Ä¶ https://t.co/wy6SGBCxU7
1222975359722803201,2020-01-30 20:10:22,Congressman Brian @Babin4Congress of Texas has been a strong supporter of our #MAGA Agenda. He is strong on the Sec‚Ä¶ https://t.co/l0Q9FlFSpJ
1222973303750397953,2020-01-30 20:02:12,https://t.co/Kf24nTnc7E
1222973282418216960,2020-01-30 20:02:06,https://t.co/OWYuHqbgAj
1222973263753564160,2020-01-30 20:02:02,https://t.co/XWKEY5MIXL
1222973244644315136,2020-01-30 20:01:57,https://t.co/alTg16dgM5
